course_id,title,platform,provider,category,subcategory,skills,difficulty,duration_hours,rating,enrolled,price_usd,certificate,description,url_slug,prerequisites,learning_outcomes
C001,Machine Learning Specialization,Coursera,DeepLearning.AI & Stanford,AI/ML,Machine Learning,"python,machine learning,supervised learning,unsupervised learning,neural networks",Beginner,90,4.9,1200000,79,Yes,"Comprehensive ML course covering supervised/unsupervised learning and best practices",ml-specialization,"python basics","Build ML models, implement algorithms, apply best practices"
C002,Deep Learning Specialization,Coursera,DeepLearning.AI,AI/ML,Deep Learning,"python,deep learning,neural networks,CNN,RNN,transformers",Intermediate,120,4.9,900000,79,Yes,"Master deep learning techniques from neural networks to transformers",deep-learning-spec,"machine learning,python","Build deep neural networks, CNNs, RNNs, implement transformers"
C003,TensorFlow Developer Certificate,Coursera,DeepLearning.AI,AI/ML,Deep Learning,"tensorflow,python,deep learning,computer vision,NLP",Intermediate,64,4.7,400000,49,Yes,"Prepare for TensorFlow Developer Certificate exam with hands-on projects",tensorflow-dev,"deep learning basics","Deploy TensorFlow models, build CV and NLP applications"
C004,IBM Data Science Professional Certificate,Coursera,IBM,Data Science,Data Science,"python,SQL,data analysis,machine learning,data visualization",Beginner,130,4.6,700000,39,Yes,"Complete data science program from IBM covering all essential skills",ibm-data-science,"none","Analyze data with Python/SQL, build ML models, create visualizations"
C005,Google Data Analytics Certificate,Coursera,Google,Data Science,Data Analytics,"SQL,R,data analysis,tableau,spreadsheets",Beginner,180,4.8,2000000,39,Yes,"Prepare for a data analyst role with Google's professional certificate",google-data-analytics,"none","Clean and analyze data, create dashboards, use SQL and R"
C006,AWS Cloud Practitioner,Coursera,Amazon Web Services,Cloud,Cloud Computing,"AWS,cloud computing,EC2,S3,IAM",Beginner,30,4.7,500000,49,Yes,"Foundational AWS cloud knowledge for the Cloud Practitioner exam",aws-cloud-practitioner,"none","Understand AWS services, cloud concepts, security, and pricing"
C007,Microsoft Azure Fundamentals AZ-900,Coursera,Microsoft,Cloud,Cloud Computing,"Azure,cloud computing,virtual machines,networking",Beginner,24,4.6,400000,49,Yes,"Prepare for AZ-900 exam with Azure cloud fundamentals",azure-fundamentals,"none","Explain cloud concepts, Azure services, security, and compliance"
C008,Natural Language Processing Specialization,Coursera,DeepLearning.AI,AI/ML,NLP,"python,NLP,transformers,BERT,sentiment analysis,text classification",Advanced,80,4.8,300000,79,Yes,"Master NLP with attention mechanisms and transformers",nlp-specialization,"deep learning","Build NLP systems, implement attention, fine-tune transformers"
C009,MLOps Specialization,Coursera,DeepLearning.AI,AI/ML,MLOps,"python,MLOps,docker,kubernetes,CI/CD,model deployment",Advanced,60,4.7,150000,79,Yes,"Deploy scalable ML systems in production environments",mlops-spec,"machine learning,python","Deploy ML models, build CI/CD pipelines, monitor model drift"
C010,Data Engineering Professional Certificate,Coursera,IBM,Data Engineering,Data Engineering,"python,SQL,Apache Kafka,Spark,ETL,data pipelines",Intermediate,120,4.5,200000,39,Yes,"Build data pipelines and engineer large-scale data systems",ibm-data-engineering,"SQL,python","Build ETL pipelines, work with Kafka/Spark, engineer data warehouses"
C011,Python for Everybody Specialization,Coursera,University of Michigan,Programming,Python,"python,data structures,web scraping,databases",Beginner,80,4.8,2000000,49,Yes,"Learn Python programming from scratch to databases",python-everybody,"none","Write Python programs, work with data, access web APIs"
C012,Applied Data Science with Python,Coursera,University of Michigan,Data Science,Data Science,"python,matplotlib,scikit-learn,NLTK,OpenCV",Intermediate,100,4.5,400000,79,Yes,"Apply data science techniques using Python libraries",applied-ds-python,"python basics","Apply statistical analysis, ML, text mining, and social network analysis"
C013,Algorithms Specialization,Coursera,Stanford University,Computer Science,Algorithms,"algorithms,data structures,dynamic programming,graph algorithms",Intermediate,60,4.9,200000,79,Yes,"Design and analyze algorithms with Stanford's expert faculty",algorithms-stanford,"programming basics","Analyze algorithm complexity, implement graph algorithms, solve DP problems"
C014,Full Stack Web Development,Coursera,Hong Kong University,Web Development,Full Stack,"HTML,CSS,JavaScript,React,Node.js,MongoDB",Beginner,120,4.5,300000,79,Yes,"Build complete web applications from front to back end",fullstack-hku,"none","Build React apps, REST APIs, connect to databases"
C015,Blockchain Specialization,Coursera,University at Buffalo,Blockchain,Blockchain,"blockchain,Ethereum,smart contracts,Solidity,web3",Intermediate,60,4.4,150000,79,Yes,"Build decentralized applications on Ethereum",blockchain-spec,"programming basics","Write smart contracts, build DApps, understand consensus mechanisms"
C016,Cybersecurity Specialization,Coursera,University of Maryland,Cybersecurity,Security,"cybersecurity,cryptography,network security,software security",Intermediate,80,4.6,300000,79,Yes,"Comprehensive cybersecurity from software to hardware",cybersecurity-spec,"computer science basics","Identify vulnerabilities, implement security protocols, perform risk assessment"
C017,Statistics with Python Specialization,Coursera,University of Michigan,Data Science,Statistics,"python,statistics,probability,hypothesis testing,regression",Beginner,50,4.6,200000,49,Yes,"Master statistical analysis using Python",stats-python,"python basics","Apply statistical methods, run hypothesis tests, build regression models"
C018,Computer Vision,Coursera,DeepLearning.AI,AI/ML,Computer Vision,"python,computer vision,CNN,object detection,image segmentation",Advanced,40,4.7,200000,49,Yes,"Learn computer vision with deep learning techniques",computer-vision-dl,"deep learning","Implement object detection, image segmentation, and face recognition"
C019,Reinforcement Learning Specialization,Coursera,University of Alberta,AI/ML,Reinforcement Learning,"python,reinforcement learning,Q-learning,policy gradient",Advanced,80,4.7,100000,79,Yes,"Master reinforcement learning from fundamentals to deep RL",rl-spec,"machine learning","Implement RL algorithms, build agents, apply deep RL"
C020,Database Management Essentials,Coursera,University of Colorado,Databases,Databases,"SQL,database design,PostgreSQL,ER diagrams",Beginner,30,4.5,300000,49,Yes,"Learn database design and SQL fundamentals",database-mgmt,"none","Design relational databases, write SQL queries, create ER diagrams"
U001,The Complete Python Bootcamp,Udemy,Jose Portilla,Programming,Python,"python,OOP,data structures,decorators,generators",Beginner,22,4.7,1500000,15,Yes,"Most comprehensive Python course - from beginner to expert",python-bootcamp,"none","Master Python OOP, work with files, build projects"
U002,Machine Learning A-Z,Udemy,Kirill Eremenko,AI/ML,Machine Learning,"python,R,machine learning,regression,classification,clustering",Beginner,44,4.5,900000,15,Yes,"Hands-on Python & R in Data Science with real datasets",ml-az,"python basics","Build ML models, implement algorithms in Python and R"
U003,The Web Developer Bootcamp,Udemy,Colt Steele,Web Development,Full Stack,"HTML,CSS,JavaScript,Node.js,MongoDB,Express",Beginner,63,4.7,800000,15,Yes,"Complete guide to becoming a web developer",web-dev-bootcamp,"none","Build full stack web apps, work with databases, deploy to web"
U004,React - The Complete Guide,Udemy,Academind,Web Development,React,"React,Redux,Hooks,Context API,Next.js",Intermediate,48,4.7,600000,15,Yes,"Dive into React - Hooks, Redux, React Router, Next.js",react-complete,"JavaScript basics","Build React apps, manage state with Redux, use React Hooks"
U005,The Complete SQL Bootcamp,Udemy,Jose Portilla,Databases,SQL,"SQL,PostgreSQL,data analysis,joins,subqueries",Beginner,9,4.7,500000,15,Yes,"Become an expert SQL developer with PostgreSQL",sql-bootcamp,"none","Write complex SQL queries, design databases, use window functions"
U006,Docker & Kubernetes: The Complete Guide,Udemy,Stephen Grider,DevOps,DevOps,"docker,kubernetes,CI/CD,AWS,microservices",Intermediate,22,4.6,400000,15,Yes,"Build, test, and deploy Docker containers with Kubernetes",docker-k8s,"programming basics","Deploy containerized apps, orchestrate with K8s, set up CI/CD"
U007,PyTorch for Deep Learning,Udemy,Zero To Mastery,AI/ML,Deep Learning,"python,PyTorch,deep learning,neural networks,computer vision",Intermediate,43,4.7,200000,15,Yes,"Complete PyTorch deep learning bootcamp",pytorch-dl,"python,ml basics","Build neural networks with PyTorch, implement CV and NLP models"
U008,Tableau 2024 A-Z,Udemy,Kirill Eremenko,Data Science,Data Visualization,"tableau,data visualization,dashboards,analytics",Beginner,8,4.6,400000,15,Yes,"Tableau Training For Data Science with real case studies",tableau-az,"none","Create interactive dashboards, connect data sources, analyze data"
U009,Ethical Hacking Complete Course,Udemy,Nathan House,Cybersecurity,Ethical Hacking,"ethical hacking,kali linux,penetration testing,network security",Intermediate,30,4.6,300000,15,Yes,"Go from beginner to advanced in ethical hacking and penetration testing",ethical-hacking,"networking basics","Perform penetration tests, use Kali Linux tools, find vulnerabilities"
U010,Natural Language Processing,Udemy,Jose Portilla,AI/ML,NLP,"python,NLP,NLTK,spaCy,text classification,sentiment analysis",Intermediate,11,4.5,200000,15,Yes,"NLP with Python for beginners and advanced users",nlp-python,"python basics","Process text data, build NLP models, implement sentiment analysis"
U011,Apache Spark with Python - PySpark,Udemy,Frank Kane,Data Engineering,Big Data,"PySpark,Apache Spark,big data,Hadoop,data pipelines",Intermediate,14,4.5,200000,15,Yes,"Master Apache Spark with Python for big data processing",pyspark-bigdata,"python,SQL","Process big data with Spark, build streaming pipelines, optimize jobs"
U012,Kubernetes Mastery,Udemy,Bret Fisher,DevOps,Kubernetes,"kubernetes,docker,helm,microservices,cloud native",Advanced,17,4.7,150000,15,Yes,"Master Kubernetes for production container orchestration",k8s-mastery,"docker basics","Deploy to Kubernetes, use Helm charts, secure clusters"
U013,Power BI - Business Intelligence,Udemy,Maven Analytics,Data Science,Business Intelligence,"Power BI,DAX,data modeling,dashboards,Excel",Beginner,10,4.6,300000,15,Yes,"Master Power BI for business intelligence and analytics",power-bi,"none","Build Power BI reports, write DAX formulas, model data"
U014,Flutter & Dart Complete Guide,Udemy,Academind,Mobile Development,Flutter,"Flutter,Dart,mobile development,iOS,Android",Beginner,42,4.6,200000,15,Yes,"Build iOS and Android apps with Flutter and Dart",flutter-complete,"programming basics","Build cross-platform mobile apps, use Flutter widgets, connect to APIs"
U015,JavaScript: The Complete Guide,Udemy,Academind,Web Development,JavaScript,"JavaScript,ES6,async,DOM,OOP",Beginner,52,4.7,500000,15,Yes,"Modern JavaScript from the beginning to advanced concepts",js-complete,"none","Master JavaScript, use modern ES6+ features, build web applications"
G001,Google Cloud Professional Data Engineer,Google Cloud,Google,Cloud,Cloud Data Engineering,"GCP,BigQuery,Dataflow,Pub/Sub,Cloud Storage,ML APIs",Advanced,40,4.7,300000,200,Yes,"Prepare for Professional Data Engineer certification on GCP",gcp-data-engineer,"cloud basics,python","Build data pipelines on GCP, use BigQuery, implement ML on Cloud"
G002,TensorFlow: Advanced Techniques,Coursera,Google,AI/ML,TensorFlow,"tensorflow,custom layers,model optimization,TFX,TF Serving",Advanced,64,4.7,200000,79,Yes,"Advanced TensorFlow techniques for production ML",tf-advanced,"tensorflow basics","Build custom TF layers, optimize models, deploy with TF Serving"
G003,Google IT Support Professional Certificate,Coursera,Google,IT,IT Support,"networking,operating systems,system administration,security",Beginner,120,4.8,1000000,39,Yes,"Launch your IT career with Google's IT support training",google-it-support,"none","Support users, manage networks, troubleshoot systems, ensure security"
G004,Google UX Design Professional Certificate,Coursera,Google,Design,UX Design,"UX design,Figma,wireframing,prototyping,user research",Beginner,200,4.8,500000,39,Yes,"Design user experiences with Google's professional UX program",google-ux-design,"none","Create wireframes, conduct user research, build prototypes in Figma"
G005,Google Project Management Certificate,Coursera,Google,Management,Project Management,"project management,agile,scrum,risk management,Jira",Beginner,180,4.8,800000,39,Yes,"Launch a career in project management with Google",google-pm,"none","Manage projects end-to-end, apply agile/scrum, use PM tools"
I001,IBM AI Engineering Professional Certificate,Coursera,IBM,AI/ML,AI Engineering,"python,deep learning,neural networks,TensorFlow,PyTorch,scikit-learn",Intermediate,80,4.6,200000,39,Yes,"Gain skills for an AI Engineering career with IBM",ibm-ai-engineering,"machine learning,python","Build deep learning models, deploy AI apps, use TF and PyTorch"
I002,IBM Machine Learning Professional Certificate,Coursera,IBM,AI/ML,Machine Learning,"python,scikit-learn,regression,classification,clustering,deep learning",Intermediate,120,4.5,200000,39,Yes,"Develop job-ready skills for an ML career with IBM",ibm-ml,"python basics","Implement supervised/unsupervised learning, apply deep learning"
I003,IBM Full Stack Software Developer,Coursera,IBM,Web Development,Full Stack,"HTML,CSS,JavaScript,React,Node.js,Docker,Kubernetes,OpenShift",Beginner,200,4.5,300000,39,Yes,"Build and deploy full stack applications on the cloud",ibm-fullstack,"none","Build web apps, containerize with Docker, deploy to cloud"
I004,IBM Data Analyst Professional Certificate,Coursera,IBM,Data Science,Data Analytics,"python,SQL,Excel,Cognos,data visualization",Beginner,130,4.5,300000,39,Yes,"Launch your data analyst career with IBM",ibm-data-analyst,"none","Collect and analyze data, create visualizations, use SQL and Python"
A001,AWS Certified Solutions Architect,Coursera,Amazon Web Services,Cloud,AWS Architecture,"AWS,EC2,S3,RDS,VPC,Lambda,CloudFormation",Intermediate,50,4.7,400000,49,Yes,"Prepare for AWS Solutions Architect Associate certification",aws-solutions-arch,"cloud basics","Design scalable AWS architectures, secure cloud environments"
A002,AWS Machine Learning Specialty,Coursera,Amazon Web Services,Cloud,AWS ML,"AWS SageMaker,ML on AWS,data engineering,modeling,deployment",Advanced,40,4.6,100000,49,Yes,"Prepare for AWS ML Specialty certification",aws-ml-specialty,"machine learning,AWS","Deploy ML models on SageMaker, build data pipelines on AWS"
A003,AWS Developer Associate,Udemy,Stephane Maarek,Cloud,AWS Development,"AWS,Lambda,DynamoDB,API Gateway,CloudFormation,SAM",Intermediate,30,4.7,300000,15,Yes,"Prepare for AWS Developer Associate certification",aws-developer,"programming basics","Build serverless apps on AWS, use DynamoDB, deploy with CloudFormation"
M001,Microsoft Azure Data Scientist,Coursera,Microsoft,Cloud,Azure ML,"Azure ML,python,machine learning,MLOps,Azure Databricks",Intermediate,50,4.6,100000,49,Yes,"Prepare for Azure Data Scientist Associate certification",azure-data-scientist,"machine learning,Azure","Build ML models on Azure, use Azure ML Studio, implement MLOps"
M002,Microsoft Power Platform Fundamentals,Coursera,Microsoft,Business Tech,Power Platform,"Power Apps,Power Automate,Power BI,Dataverse",Beginner,30,4.5,200000,49,Yes,"Build business applications with Microsoft Power Platform",power-platform,"none","Create Power Apps, automate workflows, analyze data with Power BI"
M003,Microsoft Azure DevOps Engineer,Udemy,Scott Duffy,Cloud,DevOps,"Azure DevOps,CI/CD,Git,pipelines,containers,Kubernetes",Intermediate,25,4.6,150000,15,Yes,"Prepare for AZ-400 Azure DevOps Engineer certification",azure-devops,"DevOps basics","Build CI/CD pipelines in Azure DevOps, manage containers"
D001,Data Structures and Algorithms in Python,Udemy,Zero To Mastery,Computer Science,DSA,"python,algorithms,data structures,problem solving,LeetCode",Intermediate,30,4.7,300000,15,Yes,"Master data structures and algorithms for technical interviews",dsa-python,"python basics","Implement arrays, trees, graphs, sorting, and dynamic programming"
D002,Statistical Learning,Coursera,Stanford University,Data Science,Statistics,"R,statistics,regression,classification,tree methods",Advanced,60,4.8,200000,0,Yes,"Statistical methods for supervised and unsupervised learning",statistical-learning,"statistics basics","Apply statistical learning methods, understand theoretical foundations"
D003,Generative AI with Large Language Models,Coursera,DeepLearning.AI,AI/ML,Generative AI,"LLMs,transformers,prompt engineering,fine-tuning,RLHF",Intermediate,16,4.8,500000,49,Yes,"Understand the fundamentals of generative AI and LLMs",gen-ai-llms,"deep learning basics","Fine-tune LLMs, apply prompt engineering, understand RLHF"
D004,LangChain for LLM Application Development,Coursera,DeepLearning.AI,AI/ML,LLM Apps,"LangChain,python,LLMs,RAG,agents,chains",Intermediate,10,4.7,300000,49,Yes,"Build LLM-powered applications with LangChain",langchain-dev,"python,LLM basics","Build chains, agents, RAG systems with LangChain"
D005,Prompt Engineering for Developers,Coursera,DeepLearning.AI,AI/ML,Prompt Engineering,"prompt engineering,OpenAI API,ChatGPT,LLMs",Beginner,9,4.8,400000,0,Yes,"Learn prompt engineering techniques for LLM applications",prompt-engineering,"none","Write effective prompts, use OpenAI API, build LLM apps"
D006,Finetuning Large Language Models,Coursera,DeepLearning.AI,AI/ML,LLM Fine-tuning,"LLMs,fine-tuning,LoRA,QLoRA,Hugging Face",Advanced,9,4.7,200000,49,Yes,"Fine-tune open-source LLMs for custom applications",llm-finetuning,"deep learning,transformers","Fine-tune LLMs, apply LoRA/QLoRA, evaluate fine-tuned models"
D007,Building Generative AI Applications,Coursera,AWS,AI/ML,Generative AI,"AWS Bedrock,LLMs,generative AI,RAG,agents",Intermediate,16,4.6,200000,49,Yes,"Build and deploy generative AI applications on AWS",gen-ai-aws,"AWS basics","Deploy LLMs on AWS Bedrock, build RAG systems, create AI agents"
D008,AI for Everyone,Coursera,DeepLearning.AI,AI/ML,AI Literacy,"AI concepts,machine learning,strategy,ethics",Beginner,6,4.8,1000000,49,Yes,"Understand AI for business and society - non-technical",ai-for-everyone,"none","Understand AI capabilities, navigate AI projects, apply AI strategy"
D009,Vector Databases and Embeddings,Udemy,DataCamp,AI/ML,Vector Databases,"vector databases,embeddings,Pinecone,Weaviate,semantic search",Intermediate,12,4.6,100000,15,Yes,"Master vector databases for AI and ML applications",vector-db,"python,ML basics","Store and query embeddings, build semantic search, use Pinecone"
D010,MLflow for ML Lifecycle Management,Udemy,DataCamp,AI/ML,MLOps,"MLflow,experiment tracking,model registry,deployment",Intermediate,8,4.5,80000,15,Yes,"Manage the complete ML lifecycle with MLflow",mlflow,"machine learning","Track experiments, register models, deploy with MLflow"
W001,React Native - The Practical Guide,Udemy,Academind,Mobile Development,React Native,"React Native,JavaScript,iOS,Android,Expo",Intermediate,29,4.6,200000,15,Yes,"Build native iOS and Android apps with React Native",react-native,"React basics","Build mobile apps, use device features, publish to app stores"
W002,Next.js 14 Complete Course,Udemy,Traversy Media,Web Development,Next.js,"Next.js,React,TypeScript,server components,App Router",Intermediate,15,4.7,150000,15,Yes,"Master Next.js 14 with App Router, Server Components, and TypeScript",nextjs-14,"React basics","Build full-stack Next.js apps, use server components, optimize performance"
W003,TypeScript Complete Guide,Udemy,Academind,Web Development,TypeScript,"TypeScript,JavaScript,generics,decorators,OOP",Intermediate,15,4.7,400000,15,Yes,"Understand TypeScript deeply and use it in real projects",typescript-complete,"JavaScript basics","Write TypeScript, use generics and decorators, migrate JS projects"
W004,FastAPI - The Complete Course,Udemy,Eric Roby,Web Development,FastAPI,"FastAPI,python,REST APIs,SQLAlchemy,OAuth2",Intermediate,13,4.6,100000,15,Yes,"Build fast, modern APIs with FastAPI and Python",fastapi-complete,"python basics","Build REST APIs, connect to databases, implement authentication"
W005,GraphQL with React,Udemy,Stephen Grider,Web Development,GraphQL,"GraphQL,React,Apollo,Node.js,MongoDB",Intermediate,17,4.5,150000,15,Yes,"Go from zero to full-stack GraphQL applications",graphql-react,"React basics","Build GraphQL APIs, use Apollo client, query and mutate data"
W006,Django REST Framework Complete,Udemy,Brad Traversy,Web Development,Django,"Django,Django REST,python,PostgreSQL,JWT",Intermediate,10,4.6,200000,15,Yes,"Build REST APIs with Django and Django REST Framework",django-rest,"python basics","Build RESTful APIs, implement JWT authentication, connect to PostgreSQL"
S001,Certified Kubernetes Administrator,Udemy,Mumshad Mannambeth,DevOps,Kubernetes,"kubernetes,CKA,Docker,networking,storage,security",Advanced,19,4.7,200000,15,Yes,"Prepare for Certified Kubernetes Administrator exam",cka-prep,"Docker,Linux basics","Administer Kubernetes clusters, troubleshoot, implement security"
S002,Terraform for DevOps Engineers,Udemy,Sanjeev Thiyagarajan,DevOps,Infrastructure as Code,"terraform,AWS,infrastructure as code,modules,state",Intermediate,12,4.6,150000,15,Yes,"Master Terraform for multi-cloud infrastructure automation",terraform-devops,"cloud basics","Write Terraform configs, manage state, create reusable modules"
S003,Jenkins CI/CD Pipeline,Udemy,Imran Teli,DevOps,CI/CD,"Jenkins,CI/CD,GitHub Actions,Docker,Kubernetes",Intermediate,13,4.5,100000,15,Yes,"Build CI/CD pipelines with Jenkins and modern DevOps tools",jenkins-cicd,"DevOps basics","Build Jenkins pipelines, integrate with GitHub, deploy to Kubernetes"
S004,Ansible for the Absolute Beginner,Udemy,Mumshad Mannambeth,DevOps,Automation,"Ansible,configuration management,YAML,automation",Beginner,5,4.7,200000,15,Yes,"Learn Ansible configuration management from scratch",ansible-beginner,"Linux basics","Write Ansible playbooks, manage configurations, automate deployments"
S005,Linux Command Line Basics,Coursera,University of Michigan,IT,Linux,"Linux,bash,shell scripting,command line,system administration",Beginner,20,4.6,400000,49,Yes,"Master the Linux command line and shell scripting",linux-basics,"none","Navigate Linux, write shell scripts, manage files and processes"
B001,Data Science Ethics,Coursera,University of Michigan,Data Science,Ethics,"ethics,bias,privacy,fairness,responsible AI",Beginner,10,4.6,200000,0,Yes,"Understand ethical challenges in data science and AI",ds-ethics,"none","Identify ethical issues, apply ethical frameworks, ensure fairness"
B002,Introduction to Responsible AI,Coursera,Google,AI/ML,AI Ethics,"responsible AI,bias,fairness,transparency,explainability",Beginner,6,4.7,300000,0,Yes,"Understand Google's approach to responsible AI development",responsible-ai,"none","Apply responsible AI principles, identify bias, explain AI decisions"
B003,AI Product Management,Coursera,Duke University,Management,AI Product,"product management,AI strategy,ML products,roadmapping",Intermediate,20,4.5,100000,49,Yes,"Manage AI products and data science teams effectively",ai-product-mgmt,"product basics","Develop AI product strategy, work with data teams, manage ML products"
B004,Econometrics and Data Analysis,Coursera,Columbia University,Data Science,Econometrics,"R,econometrics,regression,panel data,time series",Advanced,50,4.5,100000,79,Yes,"Apply econometric methods to real-world economic analysis",econometrics,"statistics,R","Run regression analysis, work with time series, handle panel data"
B005,Supply Chain Analytics,Coursera,Rutgers University,Data Science,Analytics,"analytics,supply chain,optimization,forecasting,Excel",Beginner,20,4.4,100000,49,Yes,"Apply analytics to optimize supply chains and logistics",supply-chain-analytics,"none","Forecast demand, optimize inventory, analyze supply chain data"
X001,Hugging Face NLP Course,Coursera,Hugging Face,AI/ML,NLP,"transformers,Hugging Face,BERT,GPT,fine-tuning,tokenizers",Intermediate,25,4.8,400000,0,Yes,"Master the Hugging Face ecosystem for NLP",huggingface-nlp,"python,NLP basics","Use pre-trained models, fine-tune transformers, build NLP pipelines"
X002,Fast.ai Practical Deep Learning,Coursera,Fast.ai,AI/ML,Deep Learning,"python,PyTorch,fast.ai,computer vision,NLP,tabular data",Beginner,30,4.8,500000,0,Yes,"Top-down practical approach to deep learning",fastai-practical,"python basics","Build and deploy DL models, use fast.ai library, transfer learning"
X003,OpenCV Computer Vision,Udemy,Murtaza Hassan,AI/ML,Computer Vision,"OpenCV,python,computer vision,image processing,object tracking",Intermediate,11,4.7,200000,15,Yes,"Complete OpenCV course with Python for computer vision",opencv-python,"python basics","Process images/video, detect objects, track motion with OpenCV"
X004,Time Series Analysis in Python,Udemy,Jose Portilla,Data Science,Time Series,"python,time series,ARIMA,Prophet,forecasting",Intermediate,16,4.5,150000,15,Yes,"Master time series analysis and forecasting in Python",time-series-python,"python,statistics","Analyze time series data, build ARIMA models, forecast with Prophet"
X005,Recommender Systems,Coursera,University of Minnesota,AI/ML,Recommender Systems,"collaborative filtering,content-based,matrix factorization,evaluation",Advanced,30,4.6,100000,79,Yes,"Build sophisticated recommender systems from scratch",recommender-systems,"machine learning,python","Implement collaborative/content-based filtering, evaluate systems"
X006,Graph Neural Networks,Coursera,DeepLearning.AI,AI/ML,Graph ML,"GNN,PyTorch Geometric,knowledge graphs,graph algorithms",Advanced,20,4.6,80000,49,Yes,"Master graph neural networks for ML on graph data",graph-nn,"deep learning,python","Build GNNs, work with knowledge graphs, apply to real problems"
X007,Probabilistic Graphical Models,Coursera,Stanford University,AI/ML,Probabilistic ML,"Bayesian networks,probabilistic models,inference,learning",Advanced,50,4.7,100000,79,Yes,"Master probabilistic graphical models for reasoning under uncertainty",pgm-stanford,"statistics,machine learning","Build Bayesian networks, perform inference, learn from data"
X008,Robotics Specialization,Coursera,University of Pennsylvania,AI/ML,Robotics,"robotics,ROS,motion planning,computer vision,control",Advanced,70,4.6,80000,79,Yes,"Learn robotic systems design and programming",robotics-spec,"linear algebra,python","Program robots, implement motion planning, use ROS"
X009,Causal Inference,Coursera,DeepLearning.AI,Data Science,Causal AI,"causal inference,DAGs,counterfactuals,A/B testing,experimentation",Advanced,15,4.7,100000,49,Yes,"Understand causal reasoning for data science and ML",causal-inference,"statistics,ml basics","Apply causal inference, design experiments, reason about causality"
X010,Federated Learning,Coursera,DeepLearning.AI,AI/ML,Privacy ML,"federated learning,privacy,differential privacy,secure aggregation",Advanced,12,4.6,60000,49,Yes,"Build privacy-preserving ML systems with federated learning",federated-learning,"deep learning","Implement federated learning, apply differential privacy"
V001,Vue.js 3 - The Complete Guide,Udemy,Maximilian Schwarzmuller,Web Development,Vue.js,"Vue.js,JavaScript,Vuex,Vue Router,Composition API",Intermediate,32,4.7,350000,15,Yes,"Master Vue.js 3 with Vuex and Vue Router for modern web apps",vuejs-complete,"JavaScript basics","Build reactive Vue apps, manage state with Vuex, use Composition API"
V002,Angular - The Complete Guide,Udemy,Maximilian Schwarzmuller,Web Development,Angular,"Angular,TypeScript,RxJS,NgRx,REST APIs",Intermediate,34,4.6,300000,15,Yes,"The complete Angular guide from beginner to advanced",angular-complete,"TypeScript basics","Build Angular apps, use RxJS, manage state with NgRx"
V003,Svelte & SvelteKit Complete Course,Udemy,Traversy Media,Web Development,Svelte,"Svelte,SvelteKit,JavaScript,TypeScript,SSR",Intermediate,12,4.6,80000,15,Yes,"Build fast, lightweight web apps with Svelte and SvelteKit",svelte-complete,"JavaScript basics","Build Svelte components, use SvelteKit for SSR, deploy apps"
V004,Spring Boot 3 & Spring Framework,Udemy,Chad Darby,Web Development,Java,"Java,Spring Boot,Spring MVC,REST APIs,JPA,Hibernate",Intermediate,41,4.7,200000,15,Yes,"Build enterprise Java applications with Spring Boot 3",spring-boot,"Java basics","Build REST APIs with Spring, use JPA for data, secure with Spring Security"
V005,Go Programming Bootcamp,Udemy,Todd McLeod,Programming,Go,"Go,concurrency,goroutines,channels,REST APIs",Intermediate,20,4.5,150000,15,Yes,"Master the Go programming language from scratch to advanced",go-bootcamp,"programming basics","Write Go programs, use goroutines, build web servers"
V006,Rust Programming: The Complete Guide,Udemy,Akhil Sharma,Programming,Rust,"Rust,ownership,borrowing,concurrency,WebAssembly",Advanced,20,4.6,100000,15,Yes,"Learn Rust - the systems programming language of the future",rust-complete,"programming basics","Write safe Rust programs, understand ownership, build CLI tools"
V007,C++ Complete Masterclass,Udemy,Tim Buchalka,Programming,C++,"C++,OOP,STL,templates,memory management",Intermediate,52,4.5,250000,15,Yes,"Comprehensive C++ from beginner to professional",cpp-masterclass,"programming basics","Write modern C++, use STL, implement data structures"
V008,iOS Development with Swift,Udemy,Dr. Angela Yu,Mobile Development,iOS,"Swift,iOS,UIKit,SwiftUI,Xcode,Core Data",Beginner,55,4.8,400000,15,Yes,"Build iOS apps with Swift - from beginner to App Store",ios-swift,"none","Build iOS apps, use SwiftUI, connect to REST APIs, publish to App Store"
V009,Android Development with Kotlin,Udemy,Philipp Lackner,Mobile Development,Android,"Kotlin,Android,Jetpack Compose,Room,MVVM",Intermediate,40,4.7,200000,15,Yes,"Build modern Android apps with Kotlin and Jetpack Compose",android-kotlin,"programming basics","Build Android apps with Compose, use Room database, follow MVVM"
V010,Unity Game Development Complete,Udemy,GameDev.tv,Game Development,Unity,"Unity,C#,game development,physics,animation,VR",Beginner,35,4.7,500000,15,Yes,"Create 2D and 3D games with Unity and C#",unity-complete,"none","Build 2D/3D games, implement physics and AI, publish to platforms"
V011,MongoDB - The Complete Guide,Udemy,Maximilian Schwarzmuller,Databases,NoSQL,"MongoDB,NoSQL,aggregation,indexing,Atlas",Intermediate,17,4.6,150000,15,Yes,"Master MongoDB for modern application development",mongodb-complete,"databases basics","Design MongoDB schemas, write aggregations, optimize queries"
V012,Redis Bootcamp,Udemy,Andrew Burgess,Databases,Caching,"Redis,caching,pub/sub,data structures,sessions",Intermediate,9,4.5,80000,15,Yes,"Master Redis for caching, pub/sub, and data storage",redis-bootcamp,"programming basics","Use Redis for caching, implement pub/sub, manage sessions"
V013,Figma UI/UX Design Essential,Udemy,Daniel Walter Scott,Design,UI/UX,"Figma,UI design,UX design,wireframing,prototyping,design systems",Beginner,15,4.7,300000,15,Yes,"Become a UI/UX designer with Figma from scratch",figma-complete,"none","Design UIs in Figma, create prototypes, build design systems"
V014,CompTIA Security+ Certification,Udemy,Mike Chapple,Cybersecurity,Security Certification,"CompTIA Security+,network security,cryptography,identity management,risk management",Intermediate,21,4.6,200000,15,Yes,"Pass the CompTIA Security+ SY0-701 exam",security-plus,"networking basics","Understand security concepts, implement controls, manage risk"
V015,Penetration Testing with Kali Linux,Udemy,TCM Security,Cybersecurity,Penetration Testing,"penetration testing,Kali Linux,Metasploit,OSCP,ethical hacking,exploit development",Advanced,25,4.7,100000,15,Yes,"Practical ethical hacking and penetration testing",pwapt,"networking,Linux","Perform network pentests, exploit vulnerabilities, write reports"
V016,Excel - Microsoft Excel from Beginner to Advanced,Udemy,Kyle Pew,Data Science,Excel,"Excel,formulas,pivot tables,VBA,Power Query,data analysis",Beginner,18,4.7,800000,15,Yes,"Master Microsoft Excel from basics to advanced data analysis",excel-masterclass,"none","Use Excel formulas, create pivot tables, automate with VBA"
V017,R Programming for Data Science,Coursera,Johns Hopkins University,Data Science,R Programming,"R,data analysis,ggplot2,dplyr,tidyr,statistics",Beginner,40,4.6,400000,49,Yes,"Learn R programming for statistical computing and graphics",r-programming,"none","Write R programs, manipulate data with tidyverse, create visualizations"
V018,Scala and Functional Programming,Coursera,EPFL,Programming,Scala,"Scala,functional programming,Spark,Akka,type systems",Advanced,58,4.7,150000,79,Yes,"Master Scala and functional programming principles",scala-fp,"programming basics","Write functional Scala, use type system, build concurrent applications"
V019,Apache Kafka for Developers,Udemy,Stephane Maarek,Data Engineering,Streaming,"Apache Kafka,streaming,event-driven,producers,consumers,Kafka Streams",Intermediate,14,4.7,200000,15,Yes,"Learn Apache Kafka from beginner to advanced for developers",kafka-developers,"java or python basics","Build Kafka producers/consumers, use Kafka Streams, deploy clusters"
V020,Airflow for Data Pipelines,Udemy,Marc Lamberti,Data Engineering,Orchestration,"Apache Airflow,data pipelines,DAGs,ETL,orchestration",Intermediate,12,4.6,100000,15,Yes,"Master Apache Airflow for data pipeline orchestration",airflow-pipelines,"python basics","Build Airflow DAGs, schedule pipelines, monitor workflows"
N001,dbt - Data Build Tool Complete,Udemy,Analytics Engineering,Data Engineering,Analytics Engineering,"dbt,SQL,data modeling,data warehousing,Snowflake,BigQuery",Intermediate,10,4.7,80000,15,Yes,"Master dbt for modern data transformation and analytics engineering",dbt-complete,"SQL basics","Build dbt models, test data quality, document transformations"
N002,Snowflake - The Complete Course,Udemy,Frank Bell,Data Engineering,Cloud Data Warehouse,"Snowflake,SQL,data warehousing,cloud,data sharing",Intermediate,12,4.6,100000,15,Yes,"Master Snowflake cloud data warehouse from scratch",snowflake-complete,"SQL basics","Load and transform data in Snowflake, use Time Travel, share data"
N003,Databricks Certified Associate Developer,Udemy,DataCamp,Data Engineering,Big Data,"Databricks,Apache Spark,Delta Lake,PySpark,MLflow",Intermediate,15,4.6,80000,15,Yes,"Prepare for Databricks Certified Associate Developer exam",databricks-spark,"Spark basics","Use Databricks notebooks, build Delta Lake pipelines, deploy ML"
N004,Statistics for Data Science,Coursera,Duke University,Data Science,Statistics,"statistics,probability,hypothesis testing,Bayesian inference,confidence intervals",Beginner,25,4.7,350000,49,Yes,"Master statistics fundamentals for data science applications",stats-ds,"none","Apply statistical tests, understand probability, interpret results"
N005,A/B Testing and Experimentation,Coursera,Google,Data Science,Experimentation,"A/B testing,experimentation,statistical significance,conversion optimization",Intermediate,15,4.6,200000,0,Yes,"Design and analyze A/B tests for product decision-making",ab-testing,"statistics basics","Design experiments, calculate sample sizes, interpret p-values"
N006,Data Visualization with D3.js,Udemy,Curran Kelleher,Data Science,Data Visualization,"D3.js,JavaScript,SVG,data visualization,interactive charts",Advanced,25,4.6,80000,15,Yes,"Build custom, interactive data visualizations with D3.js",d3-visualization,"JavaScript basics","Build bar charts, line charts, maps, and interactive dashboards with D3"
N007,Plotly and Dash for Python,Udemy,Jose Portilla,Data Science,Data Visualization,"python,Plotly,Dash,interactive dashboards,data visualization",Intermediate,8,4.6,120000,15,Yes,"Build interactive web dashboards with Plotly and Dash",plotly-dash,"python basics","Create interactive charts, build Dash apps, deploy dashboards"
N008,OpenAI API and ChatGPT Integration,Udemy,Aneesh Tickoo,AI/ML,LLM Apps,"OpenAI API,ChatGPT,GPT-4,function calling,embeddings,python",Intermediate,10,4.7,200000,15,Yes,"Build real applications using OpenAI API and ChatGPT",openai-api,"python basics","Call OpenAI APIs, implement function calling, build chatbots"
N009,Stable Diffusion and AI Image Generation,Udemy,Sebastian Kamph,AI/ML,Generative AI,"Stable Diffusion,AI image generation,ControlNet,ComfyUI,prompt engineering",Beginner,12,4.6,150000,15,Yes,"Master AI image generation with Stable Diffusion",stable-diffusion,"none","Generate AI images, use ControlNet, build workflows in ComfyUI"
N010,AutoML and No-Code Machine Learning,Udemy,DataCamp,AI/ML,AutoML,"AutoML,H2O,AutoKeras,feature engineering,model selection",Beginner,8,4.4,60000,15,Yes,"Build ML models without coding using AutoML tools",automl-nocode,"data analysis basics","Use AutoML platforms, compare models, deploy without coding"
N011,Web Scraping with Python,Udemy,Zach Miller,Programming,Web Scraping,"python,web scraping,BeautifulSoup,Scrapy,Selenium,requests",Intermediate,12,4.6,200000,15,Yes,"Collect web data using Python scraping techniques",web-scraping-python,"python basics","Scrape static and dynamic sites, handle pagination, store data"
N012,Elasticsearch Complete Guide,Udemy,Bo Andersen,Data Engineering,Search,"Elasticsearch,Kibana,Logstash,ELK stack,full-text search",Intermediate,17,4.6,100000,15,Yes,"Master Elasticsearch and the ELK stack for search and analytics",elasticsearch-complete,"none","Index documents, write queries, build dashboards with Kibana"
N013,Computer Networks and Security,Coursera,University of Colorado,IT,Networking,"networking,TCP/IP,DNS,HTTP,firewalls,VPN,network security",Beginner,30,4.5,300000,49,Yes,"Understand how computer networks work and how to secure them",networks-security,"none","Understand network protocols, configure routers, implement security"
N014,Cloud Architecture Patterns,Coursera,Google Cloud,Cloud,Cloud Architecture,"cloud architecture,microservices,serverless,event-driven,scalability",Advanced,20,4.7,150000,0,Yes,"Learn modern cloud architecture patterns and best practices",cloud-architecture,"cloud basics","Design scalable systems, choose patterns, implement resilience"
N015,Helm Charts for Kubernetes,Udemy,Sanjeev Thiyagarajan,DevOps,Kubernetes,"Helm,Kubernetes,charts,templates,releases,DevOps",Intermediate,8,4.6,80000,15,Yes,"Master Helm package manager for Kubernetes applications",helm-kubernetes,"Kubernetes basics","Create Helm charts, manage releases, use Helm repositories"
N016,GitHub Actions CI/CD,Udemy,Sid Palas,DevOps,CI/CD,"GitHub Actions,CI/CD,YAML,Docker,automation,DevOps",Intermediate,7,4.7,150000,15,Yes,"Automate your workflows with GitHub Actions",github-actions,"Git basics","Build CI/CD pipelines, automate testing, deploy applications"
N017,Prometheus and Grafana Monitoring,Udemy,James Lee,DevOps,Monitoring,"Prometheus,Grafana,monitoring,alerting,metrics,Kubernetes",Intermediate,10,4.6,80000,15,Yes,"Monitor your infrastructure with Prometheus and Grafana",prometheus-grafana,"DevOps basics","Set up Prometheus scraping, build Grafana dashboards, configure alerts"
N018,Bioinformatics Algorithms,Coursera,UC San Diego,Data Science,Bioinformatics,"bioinformatics,algorithms,DNA sequencing,genome analysis,python",Advanced,40,4.7,100000,79,Yes,"Apply computational methods to solve biological problems",bioinformatics-algo,"algorithms,biology basics","Implement bioinformatics algorithms, analyze genomic data, use Python"
N019,Quantum Computing Fundamentals,Coursera,MIT,Computer Science,Quantum,"quantum computing,qubits,quantum gates,Qiskit,superposition",Advanced,20,4.6,80000,0,Yes,"Understand the principles and applications of quantum computing",quantum-computing,"linear algebra,python","Understand qubits, implement quantum circuits with Qiskit"
N020,System Design Interview Masterclass,Udemy,Exponent,Computer Science,System Design,"system design,scalability,databases,caching,load balancing,microservices",Advanced,15,4.8,300000,15,Yes,"Ace system design interviews at top tech companies",system-design,"software engineering basics","Design scalable systems, explain trade-offs, pass FAANG interviews"
P001,iOS Development with SwiftUI,Coursera,Stanford University,Mobile Development,iOS,"Swift,SwiftUI,iOS,Xcode,Core Data,CloudKit",Intermediate,35,4.7,150000,49,Yes,"Build modern iOS apps using SwiftUI and Swift",swiftui-stanford,"Swift basics","Build SwiftUI apps, manage data with Core Data, publish to App Store"
P002,Kotlin for Android Developers,Coursera,Google,Mobile Development,Android,"Kotlin,Android,Jetpack,Room,ViewModel,LiveData",Beginner,30,4.7,200000,0,Yes,"Learn Kotlin and modern Android development with Jetpack",kotlin-android,"programming basics","Build Android apps, use Jetpack components, follow modern architecture"
P003,Unreal Engine 5 Game Development,Udemy,GameDev.tv,Game Development,Unreal Engine,"Unreal Engine 5,C++,Blueprints,game development,3D",Intermediate,28,4.6,120000,15,Yes,"Build AAA-quality games with Unreal Engine 5",unreal-engine-5,"C++ basics","Create 3D games, use Blueprints, implement game mechanics in UE5"
P004,Three.js and WebGL Complete Guide,Udemy,Bruno Simon,Web Development,3D Web,"Three.js,WebGL,JavaScript,3D,shaders,animations",Advanced,71,4.9,80000,15,Yes,"Create stunning 3D web experiences with Three.js",threejs-complete,"JavaScript basics","Build 3D scenes, write shaders, animate objects in the browser"
P005,Solidity and Ethereum Smart Contracts,Udemy,Stephen Grider,Blockchain,Smart Contracts,"Solidity,Ethereum,smart contracts,web3,Hardhat,Truffle",Intermediate,24,4.5,150000,15,Yes,"Build and deploy Ethereum smart contracts with Solidity",solidity-ethereum,"JavaScript basics","Write Solidity contracts, test with Hardhat, deploy to Ethereum"
P006,Apache Flink for Stream Processing,Udemy,DataCamp,Data Engineering,Stream Processing,"Apache Flink,streaming,Java,real-time,event-driven",Advanced,14,4.5,40000,15,Yes,"Build real-time data pipelines with Apache Flink",apache-flink,"Java,data pipelines","Process streaming data, build stateful applications, deploy Flink jobs"
P007,Neo4j Graph Database,Udemy,GraphAcademy,Databases,Graph Databases,"Neo4j,Cypher,graph databases,knowledge graphs,NoSQL",Intermediate,10,4.6,60000,15,Yes,"Master graph databases with Neo4j and Cypher query language",neo4j-graph,"databases basics","Model graph data, write Cypher queries, build graph applications"
P008,Apache Cassandra for Developers,Coursera,DataStax,Databases,NoSQL,"Cassandra,NoSQL,CQL,distributed systems,data modeling",Intermediate,12,4.5,50000,49,Yes,"Build scalable applications with Apache Cassandra",cassandra-developers,"databases basics","Design Cassandra schemas, write CQL queries, manage distributed data"
P009,Microservices with Node.js and React,Udemy,Stephen Grider,Web Development,Microservices,"microservices,Node.js,React,Docker,Kubernetes,NATS",Advanced,54,4.6,100000,15,Yes,"Build production-ready microservices from scratch",microservices-node,"Node.js,Docker basics","Design microservices, implement event-driven architecture, deploy to K8s"
P010,gRPC with Go and Python,Udemy,Stephane Maarek,Web Development,APIs,"gRPC,Protocol Buffers,Go,Python,REST APIs,streaming",Intermediate,9,4.6,60000,15,Yes,"Master gRPC for building high-performance microservices",grpc-masterclass,"Go or Python basics","Build gRPC services, define Protobuf schemas, implement streaming"
P011,Rust for Systems Programming,Coursera,University of Pennsylvania,Programming,Systems,"Rust,systems programming,memory safety,concurrency,WebAssembly",Advanced,40,4.7,50000,49,Yes,"Write safe, fast systems software with Rust",rust-systems,"programming basics","Master ownership, implement concurrency, build systems applications"
P012,Julia for Scientific Computing,Coursera,MIT,Programming,Scientific Computing,"Julia,scientific computing,numerical methods,data science,parallelism",Intermediate,20,4.6,40000,0,Yes,"Learn Julia for high-performance scientific computing",julia-scientific,"python or matlab","Write Julia programs, run parallel computations, analyze scientific data"
P013,MATLAB for Engineers,Coursera,Vanderbilt University,Programming,MATLAB,"MATLAB,signal processing,control systems,simulation,numerical methods",Beginner,25,4.5,200000,49,Yes,"Master MATLAB for engineering analysis and simulation",matlab-engineers,"none","Write MATLAB scripts, simulate systems, analyze signals and data"
P014,Data Warehouse Fundamentals,Coursera,IBM,Data Engineering,Data Warehousing,"data warehousing,dimensional modeling,ETL,Snowflake,Redshift,star schema",Intermediate,18,4.6,100000,49,Yes,"Design and build enterprise data warehouses",data-warehouse,"SQL basics","Design star schemas, build ETL pipelines, query data warehouses"
P015,Real-Time ML with Feature Stores,Udemy,Hopsworks,AI/ML,MLOps,"feature stores,real-time ML,Hopsworks,feature engineering,online inference",Advanced,10,4.5,20000,15,Yes,"Build real-time ML systems with feature stores",feature-stores,"machine learning","Design feature pipelines, serve real-time features, build online ML systems"
P016,Explainable AI and Model Interpretability,Coursera,DeepLearning.AI,AI/ML,Explainable AI,"XAI,SHAP,LIME,model interpretability,fairness,bias",Intermediate,12,4.7,80000,49,Yes,"Understand and explain ML model predictions",explainable-ai,"machine learning","Apply SHAP and LIME, detect bias, build interpretable models"
P017,Digital Marketing Analytics,Coursera,University of Virginia,Business Tech,Digital Marketing,"digital marketing,Google Analytics,SEO,social media,A/B testing,conversion",Beginner,30,4.5,300000,49,Yes,"Use data analytics to drive digital marketing decisions",digital-marketing-analytics,"none","Analyze marketing data, run A/B tests, optimize campaigns"
P018,Business Intelligence with Looker,Coursera,Google,Data Science,Business Intelligence,"Looker,LookML,business intelligence,data modeling,dashboards",Intermediate,15,4.6,100000,0,Yes,"Build business intelligence solutions with Google Looker",looker-bi,"SQL basics","Write LookML, build Looker dashboards, model business data"
P019,IoT and Embedded Systems,Coursera,University of California Irvine,IT,IoT,"IoT,Arduino,Raspberry Pi,sensors,embedded systems,C",Beginner,40,4.5,150000,49,Yes,"Build Internet of Things projects with microcontrollers",iot-embedded,"none","Program Arduino and Raspberry Pi, connect sensors, build IoT projects"
P020,Quantum Machine Learning,Coursera,University of Toronto,AI/ML,Quantum ML,"quantum computing,quantum ML,Qiskit,quantum circuits,hybrid algorithms",Advanced,20,4.6,30000,79,Yes,"Combine quantum computing with machine learning",quantum-ml,"quantum computing,machine learning","Implement quantum ML algorithms, build hybrid models, use Qiskit"
P021,Site Reliability Engineering,Coursera,Google,DevOps,SRE,"SRE,reliability,incident management,SLOs,monitoring,chaos engineering",Advanced,25,4.7,100000,0,Yes,"Apply Google's Site Reliability Engineering practices",sre-google,"DevOps basics","Define SLOs, manage incidents, implement chaos engineering"
P022,Apache Hadoop Ecosystem,Udemy,Frank Kane,Data Engineering,Big Data,"Hadoop,HDFS,MapReduce,Hive,HBase,Pig,Oozie",Intermediate,9,4.4,150000,15,Yes,"Master the Hadoop ecosystem for big data processing",hadoop-ecosystem,"Linux basics","Use HDFS, write MapReduce jobs, query with Hive, manage workflows"
P023,Data Governance and Management,Coursera,IBM,Data Science,Data Governance,"data governance,data quality,metadata,data catalog,compliance,GDPR",Intermediate,15,4.5,80000,49,Yes,"Implement data governance frameworks and practices",data-governance,"data management basics","Define governance policies, manage data quality, implement data catalogs"
P024,Advanced Excel and Power Query,Udemy,Leila Gharani,Data Science,Excel,"Excel,Power Query,Power Pivot,DAX,M language,data transformation",Intermediate,12,4.8,400000,15,Yes,"Master advanced Excel features for data analysis and automation",advanced-excel,"Excel basics","Use Power Query for ETL, build data models with Power Pivot, write DAX"
